{"cameraMode":{"drawMode":0,"name":"Shaded","section":"Shading Mode"},"sceneLighting":false,"audioPlay":false,"sceneViewState":{"m_AlwaysRefresh":false,"showFog":true,"showSkybox":true,"showFlares":true,"showImageEffects":true,"showParticleSystems":true,"showVisualEffectGraphs":true,"m_FxEnabled":true},"in2DMode":false,"pivot":{"x":0.5493298768997192,"y":3.225111722946167,"z":0.17151133716106416},"rotation":{"x":0.14188699424266816,"y":-0.3606559932231903,"z":0.055651672184467319,"w":0.9202107787132263},"size":5.802118301391602,"orthographic":false}