{"cameraMode":{"drawMode":0,"name":"Shaded","section":"Shading Mode"},"sceneLighting":true,"audioPlay":false,"sceneViewState":{"m_AlwaysRefresh":false,"showFog":true,"showSkybox":true,"showFlares":true,"showImageEffects":true,"showParticleSystems":true,"showVisualEffectGraphs":true,"m_FxEnabled":true},"in2DMode":false,"pivot":{"x":-4.063094139099121,"y":4.148581504821777,"z":-2.104769706726074},"rotation":{"x":0.041088007390499118,"y":-0.020949937403202058,"z":-0.0010573412291705609,"w":-0.9991503953933716},"size":13.535673141479493,"orthographic":false}